robot_id,packet_size,interval,is_botnet
70,499.13999297469616,0.01,0
95,441.8789235099876,1.5263458497156899,0
97,486.28807924644923,0.42382417754240703,0
35,502.2775414804509,1.2366238668363703,0
55,504.814786031428,1.0612508152068199,0
75,491.43457699929564,0.4500616135492808,0
16,443.44206789936146,0.3734579309333049,0
42,447.48021787705676,0.7345601775453726,0
17,524.0038505312439,1.4731035766126181,0
43,537.4135797123166,1.503069456006445,0
3,500.5621587056039,0.3974887684436033,0
86,493.05686552771556,0.011514854806387642,0
93,519.4547104262588,0.657207807612798,0
42,491.17887007662245,0.28446830859409433,0
30,383.6502321379667,0.7080250769701866,0
2,1190.501159287549,0.01,1
98,532.2001420721163,0.20029282847372962,0
64,451.0004559320863,1.5331635462595514,0
85,466.354207138207,0.5997238951787953,0
94,1117.0431538758487,0.11858306112087193,1
97,366.301996345183,2.9047558600938346,0
88,530.246949328353,1.1448519673405149,0
86,543.2127211988433,0.9245603310421728,0
43,518.9278295248657,2.466303503955075,0
75,1216.135842507033,0.027730292698294516,1
78,501.54704883271063,2.5956251897146134,0
78,522.7844154432436,1.1980040758406774,0
66,569.3964021352546,0.40260490088512246,0
12,555.9963325819065,2.0848794545969076,0
83,392.85124916787606,0.01,0
39,1232.7631327615911,0.26478408311650603,1
67,614.733308381753,0.09772481760603073,0
28,552.8395890408331,0.11847439942143333,0
42,458.71075174445417,2.0273812777756204,0
19,551.6680138155928,0.3718636038218689,0
6,431.45813129121734,1.4857853228176339,0
42,1196.6798544786545,0.08641569121897033,1
95,518.6173490248354,1.5913993252310046,0
87,423.63077279796767,0.1698852106895069,0
16,422.2343414907677,0.7413854891745678,0
85,498.0914329275501,0.27101024175191757,0
47,456.9897020503017,0.4118262678846337,0
54,529.9944616676827,0.29628480905381516,0
99,560.7983127560904,1.2770536476049257,0
46,1209.4392653935085,0.3052220550096557,1
21,539.4032672044939,4.607080851282481,0
83,479.20532440737605,1.6267243855639875,0
66,535.3233149974279,0.5897431255232867,0
63,540.6884355676339,1.0670101256319429,0
99,526.9091181684666,0.9895546917846934,0
83,450.14864703358023,1.1052229400029547,0
65,399.5001967521756,0.8154845707438451,0
41,459.6318853253943,0.28436675225959457,0
44,535.7608722524998,2.319917607288222,0
6,495.1378431193652,0.7988803853874257,0
41,1135.6251956206586,0.27681793292327955,1
82,527.6135228965616,1.8401808291183297,0
36,424.37328843341686,1.2646941479921097,0
75,534.7314986480428,1.1180118921972895,0
21,473.7755359135928,0.9350577609003292,1
80,590.8062451342538,0.7409374993176757,0
70,498.03758116228573,0.41284480805846613,0
66,451.3826363136747,1.3353527035941648,0
8,457.36815537987434,0.11339302607909683,0
40,588.9790990133454,0.01,0
81,503.3348091664884,0.08142993413327321,0
12,491.72818421731523,2.296737617773366,0
27,546.1779549098711,0.0689306696702271,0
11,440.4791420383615,1.0074453555146912,0
16,453.7141895401604,1.743049347515282,0
65,575.3964693138315,0.01,0
80,557.1276376104753,0.04538674717025426,0
10,411.1238691878544,1.1652809774088624,0
96,596.0224981206713,0.5000065141820877,0
24,500.11254219886047,0.158223650852772,0
83,507.6196291385612,0.0901032223285989,0
65,452.5938541006915,0.3217894689522053,1
51,459.71447834065043,1.2500389268336471,0
40,585.2610875722011,1.5059267118260962,0
87,1119.0583860638912,0.13453435628704385,1
92,461.4914902155768,0.4274966302649711,0
13,505.23101779946904,1.6681225303263434,0
78,408.5626664888168,1.1936028856593353,0
2,481.9372176949446,0.2765623489609799,0
25,499.7173935027543,0.4267542375228155,0
63,538.9393949646712,1.4849636947085518,0
30,509.7301746248539,0.9127376913892946,0
62,585.1793377330134,0.7427527251693654,0
76,389.12092812392535,0.4523365917386702,0
75,501.2237256035566,0.37906662892400034,0
73,458.59343209765615,0.1515449080196686,0
40,517.0837082955958,0.10226072866618015,0
75,544.6259748556208,0.7217038967905913,0
57,432.197059930519,0.3314711218735872,0
95,482.27257428772356,0.01,0
65,453.9633734518492,1.9457660376496835,0
50,486.1736723058417,2.7429046833814628,1
4,533.6675007200578,0.7899625537437223,0
65,520.6545136164423,0.2805728318023537,0
16,526.9349589870174,0.6611929971235392,0
5,557.0047704184793,1.4434111911897285,0
46,474.93428173045913,2.324032984920123,1
86,504.3542026279857,0.39563253480225774,0
33,376.72229184973827,1.049686163044115,0
93,491.0057523742196,0.9698202823214132,0
72,512.1540961322044,2.53739878608499,0
49,532.405489419636,2.7713714298595056,0
93,453.35051558789695,0.9274891281931249,0
33,443.8437306893694,0.944640926980393,0
15,512.6547087817978,0.07717628923561412,0
45,523.7197033239651,1.1209647338424424,0
28,501.04852595942964,0.05746310602292201,0
66,488.06719390017815,1.43265853209886,0
38,531.9993195003431,0.3238579234849992,0
80,594.8581584518907,0.83018093577346,0
57,446.45997485188417,1.0917484133085802,0
56,529.5792769188506,1.820224772577283,0
94,410.9518187374246,0.28117201302079947,0
88,503.6146439790344,0.20619256013127785,0
87,404.5430983773151,1.185107996916333,0
13,396.06540374376186,1.5953725684141669,0
72,470.55421071432437,0.05823738606629959,0
82,587.20368046689,3.3378924676228707,0
54,487.08996506885995,0.35481953723261617,0
11,371.0169705844277,0.01,0
20,514.9504178041923,2.966017535692748,0
40,464.66721157389907,0.7209102971332289,0
20,508.0716215227177,0.6308194641868582,0
47,522.6102374285153,0.9630810138348667,0
74,1139.8727590287965,0.24209495710096784,1
97,1196.0959920733485,0.11929522095652541,1
35,517.8796160397319,1.6875120272778186,0
17,604.6285818720917,0.8390237136731323,0
49,505.75213944140273,1.8661643515697808,0
91,1279.0379294163752,0.10215650890522518,1
83,517.8525858493743,0.01,0
43,510.9170233205994,1.7287637244044063,1
1,505.91531013588514,3.1075355219644685,0
53,445.6322870591266,0.48192440392532776,0
35,465.37976669480975,0.01,1
79,472.70898797530344,0.6742460639596721,0
44,532.00345063476,0.08618724982244172,0
82,545.8428903931729,0.01,0
17,1177.8496828577872,0.01,1
56,478.3204351115512,3.361826373856082,0
94,492.45385942338805,0.7386641223231636,0
47,495.56939638227624,0.01,0
20,1224.6605545787045,0.27866913306186786,1
48,514.7232103996341,0.7872744306366816,0
12,552.4406087379515,0.21174837366268806,0
49,532.578221218934,2.4176927912564814,0
70,460.46911823277134,0.2471779424665605,0
19,546.7402015117375,0.7031335367803102,0
63,535.6744653320192,0.7716720501472406,0
11,456.47758112869656,0.2555880615523273,0
83,518.1994115968332,0.42525024028075886,0
74,434.6020019418071,1.5351591573643728,0
37,533.0740353571623,0.5982210793433865,0
80,574.2243485913586,0.06587637185639242,0
66,542.8498185564391,0.35122833324718733,0
26,525.1491655395986,0.32437386481695535,0
65,553.4478469465074,0.3871464842316914,0
77,438.8215497227955,0.4385008320614149,0
84,457.7141295227655,0.3308858338831595,0
72,462.2981170226901,1.2342033053729269,0
58,1162.6436404299,0.01,1
5,502.69390678242985,0.23638821733048732,0
90,553.8714681890698,1.0131279455720508,0
93,488.9054662340739,1.166019881684469,0
38,541.1012076800353,0.3215429044910365,0
86,490.733679500058,1.7140735694407425,0
31,538.4963174525991,1.150830623055609,0
90,575.1559520208108,0.14282637562957173,0
72,580.6703084224093,1.8354301576069336,0
25,495.1222986500059,2.8534270470247196,1
76,455.4582970608777,1.2423543079932937,0
13,488.06167817366827,0.8800771026866155,0
14,472.9149986949477,0.867924135265724,0
53,521.7709135007401,1.8074277390708837,0
15,463.47265352738356,0.01,0
72,599.3051505882263,1.4120339077471193,0
35,497.099456891127,1.1213587545905253,0
52,526.6099769505371,0.4280639988857351,0
10,1256.9009225977977,0.15166497557373426,1
72,452.3429857108575,2.3083170393489505,0
90,411.4383525730873,0.5447449582453437,0
46,497.2104778387237,0.2660606869142876,0
30,543.9762780626361,0.29586757753736176,0
12,498.53851844003145,0.49011625702713263,0
56,581.7833991000053,0.4629282367637144,0
32,1176.881581356908,0.06892565406371426,1
25,1245.5650327098558,0.01,1
79,554.311000701811,1.3714637895464943,0
4,449.379342593355,1.2142960501273317,0
66,468.4887563861789,0.01,0
58,563.0480982434113,0.25453248960639746,0
29,451.12822393144364,0.01,0
72,480.4279845742478,1.2466248795058752,0
51,545.1237900114354,0.9164036647717433,1
86,1169.4544080408582,0.2927474501963409,1
54,466.47469919199517,0.38495700183650694,0
24,419.98602533592594,0.6155972994077065,0
69,509.4305300434176,0.24852127195285914,0
3,483.54214800384386,1.657225935435682,0
8,559.4158135864609,1.1308222804148051,0
14,548.1126475542599,0.4312907676880471,0
4,530.2666492837509,1.9482463198230766,0
23,502.37190631078647,0.20897998012268587,0
93,391.78702638318026,3.9359879198243566,0
74,431.9206305012153,0.192844486727423,0
74,549.7049932789455,0.040112228606068806,1
21,529.3136810991667,0.32696869795682193,0
19,536.6651636593595,2.2757835288351727,0
29,468.70215730512314,1.06481720142986,0
49,455.9976930118444,0.46621708336639583,0
45,582.1514938589287,0.8482473233516616,0
27,563.0549112258776,0.5889463805174694,0
71,1169.4142753001431,0.31926648298496774,1
35,512.0371312003381,0.4850428285010425,0
54,553.0117022905613,0.6692089028608939,0
17,561.6394095124908,1.113916321216521,0
30,484.4852874066953,0.5749422126106679,0
30,524.3345897153204,0.36118381751679746,0
13,499.5290203630691,0.5834091835099144,0
86,494.67890205398396,0.42372109010412046,0
75,469.5496912292109,0.5365909301319941,0
89,522.3333691609437,1.7982161388443476,0
2,545.4640459477002,0.3432432464838706,0
15,463.8580644175458,2.22411178861316,0
41,536.4206774494638,1.4951720589622162,0
34,560.1365819840248,0.6279935842040371,0
92,485.9539184705808,0.1739440957316299,0
100,484.3532793222908,1.7727533267659603,0
63,536.6266726816134,0.7319233621749767,0
69,510.6083792337314,1.365794845925752,0
26,499.4604170498783,0.11250618971504439,1
66,447.87991654528753,2.749315218992933,0
41,488.34209163463834,0.17832547273529148,0
80,470.48209283793835,0.338452310224597,0
41,335.1259031413981,0.8301869984691376,0
69,459.0709929500001,0.20458391227080275,0
98,475.78650328966796,0.42304762882940555,0
39,535.6466805628733,1.4629797246528609,0
98,512.794555406793,0.1518688071595489,0
26,549.421497826374,0.06080798348149444,0
33,460.5387859239522,0.01,0
71,454.06320282476173,0.806119283944019,0
68,567.1115032777644,1.8343211140617437,0
47,448.8970323068895,2.1445772337029303,0
35,489.78806966165246,1.6280724997037155,0
75,496.31540869736267,0.16072865730193636,0
86,421.1155046757309,0.2083031933980265,0
65,502.43080333158605,1.2657998411178164,0
23,440.46134801328697,0.09861899752234052,0
59,529.1103596689237,0.36277210586822994,0
9,446.39822604462483,0.4753406889617602,0
71,414.03561135000837,0.21933047879026768,0
60,539.3969084174105,1.379784752366001,0
78,478.36964394563273,0.738012661544462,0
29,562.7024557909403,0.19755318764875496,0
72,448.13527897953776,0.3703200286857417,0
7,461.99690036717266,0.6588265057258221,0
81,515.0028785448194,0.4710815608446061,0
51,521.2249316805467,0.6649874528783896,0
25,519.9648786649674,2.168617955874357,0
13,521.7074787032135,1.8240233368127712,0
60,525.9063767551811,0.454267190754144,0
61,530.6008693383994,0.27594463357227,0
60,387.9814562818018,0.05785247411164285,0
32,505.52599756999643,0.343629662090695,0
83,419.3155025918182,1.3998291137889913,0
50,389.2437157369462,0.028853057079585995,0
84,535.9689918922531,0.5753666216258677,0
51,1208.6434802963327,0.18086803676668123,1
66,482.8597955375358,0.25624456711184934,0
15,530.5572817936134,1.0849260908403429,0
51,462.9871245558416,0.3552226849555841,0
25,567.8732144433415,2.4640964824527134,1
40,443.94070507438863,0.5336352791009145,0
73,519.2899949918722,0.13074380644061107,0
90,594.9646326858181,2.6353755045154994,1
15,507.33700008798223,0.6512703601877676,0
19,594.8936094449343,1.0158395223925125,0
85,469.27586583299114,0.07283442959805762,0
72,570.3523637788747,0.31181111593202204,0
68,1199.1663080674819,0.01,1
74,535.6203033273797,0.4118543731908753,0
72,520.5205553340172,1.758362224403415,0
85,527.726439534362,1.9927235752620305,0
81,548.6300217938293,1.0685420761573847,0
12,529.6788526083798,1.4089868177304068,0
40,474.49020516832707,3.9965768695321957,0
17,570.699008481201,1.2840994255444256,0
90,463.28745307681,0.509309691910897,0
49,603.1288138902638,0.9170711242942491,0
94,541.3526009937171,2.134656601383631,0
23,542.3504746453312,1.8267581066994845,0
1,445.6198999019221,1.5331916395324514,0
84,408.1798509545258,1.6980586713469035,0
79,616.5166360642014,0.12093573018919816,1
40,1215.7752027004424,0.48660676854122104,1
56,597.6341996728853,1.172489780145529,0
33,580.5620787250082,0.0616572810158347,0
45,422.39690727626964,1.5619674528655858,0
39,389.76320192532853,0.08795685797086598,0
68,550.7694702422859,2.0972350352893807,0
48,1295.0080501074942,0.05640158575819414,1
37,574.6539971284951,1.0051201175259812,0
83,1174.2703729603736,0.5971152841731916,1
33,414.23660899703805,1.5790282906322122,0
42,518.7708063221135,0.2806582351789759,0
50,604.7845513612674,0.25628502231199335,0
100,446.6963495576969,2.1221306430206255,1
20,490.25572297984337,0.6919932279176244,0
36,513.5458430120822,0.2438737631708942,0
11,505.6859753201301,0.08589636540653722,0
87,429.47020334112335,0.1846023829086947,0
89,486.39250948226527,3.735198984308154,0
86,543.5146477204432,0.895162364969799,0
93,441.5834158683459,0.22160965891802076,1
93,474.241756808894,2.5095941770289216,0
53,535.9042615546198,0.7923305180584365,0
76,497.8742092605253,0.01,0
11,522.5810957392299,0.7861793379257551,0
100,387.36352214850734,1.6661822185914388,0
71,466.03825171186884,0.01,0
55,493.97301344786746,0.8105071412458368,0
45,468.32852691563807,0.5059593803113495,0
86,466.8838966396034,0.01,1
26,1100.5744855629998,0.01,1
41,519.8279137250158,0.24794469996968818,0
4,557.8682462167342,0.7939221434205386,0
52,607.9139474626818,4.265792981782564,0
56,502.5834784851888,1.0602861571878912,0
31,466.18569617046927,1.2544803091185281,0
77,538.8636396667215,2.508597196369255,0
67,1192.2080496728458,0.01,1
3,515.7641204009858,0.6295887529306258,0
15,469.11176644570514,1.7273090829427453,0
3,540.5981197149837,2.442042833553338,0
53,599.3235410558871,1.8086951172249583,0
59,512.6348727701234,0.943884933608738,0
13,411.2787768252999,0.9016701703747662,0
51,1140.1855404443043,0.01,1
99,549.8045089207767,0.04209579356038416,0
67,528.3712853752836,0.9025715534768126,0
58,1124.3019610497124,0.01,0
90,508.25950146675814,1.9380504187640484,0
16,560.4796253708294,0.06763359655013995,0
92,464.85167811533944,0.94596399738822,0
60,574.3951764292734,0.9212011307589205,0
83,548.6762102037612,1.2196536716654012,0
63,1226.59347292034,0.23153377576484158,1
35,488.3663167859182,2.7620781726128754,0
18,509.3675449815767,0.7968426399535149,0
14,616.9393987086373,3.2332931606215265,0
46,519.1269870649306,0.5314012588440833,0
4,451.7157763132032,1.038335144334355,0
44,578.2078258903916,0.06020598438312051,0
27,571.6068550151745,0.5560873807607377,0
66,1075.241850387308,0.15817123042789463,1
87,479.7872666556835,0.49214493865842074,0
66,503.43021196259707,0.4703722728323965,0
54,462.4544344655043,0.15445666696256855,0
61,420.21021037951044,0.01,0
59,432.04589825953366,0.22926962115853577,0
31,485.75273668347756,0.0568570009402114,0
84,1253.1655463266427,0.01,1
22,515.3969180061285,0.6285478389328045,0
73,528.3386435856647,0.4675843652385884,0
9,465.3787949492996,3.5310058268385127,1
17,511.36954553502045,0.5965196851709769,1
90,519.2381140996144,0.5045584356609473,0
97,478.91250984048344,2.4958487477695224,0
33,547.1434805302121,1.8722618292766309,0
88,520.2662337882856,1.1494971520463637,0
34,515.0020955756532,0.3093574763872444,0
71,503.75164617121254,1.4987851259655174,0
96,550.609156466484,2.282589577321474,0
4,1142.255824609878,0.4694342027891973,1
84,460.2978452368675,0.20485856165501892,0
89,560.1929018361293,0.9384676648306362,0
4,506.8346868854839,0.5049269942222758,0
60,524.545054460166,0.9038467755219983,0
42,1162.2261558879209,0.01,1
58,470.4065594104901,1.81046217233497,0
6,440.8007651941558,0.048315571261526094,0
9,535.6497412960225,2.9060315422906116,0
63,1108.6115788315415,0.12187207014717552,1
5,470.1014959613659,0.6561127726881768,0
68,411.8729800241746,1.0614544574963949,0
94,479.05059120190947,0.20621731823863548,0
19,471.4421642900612,0.2978343818623254,0
28,479.7218983971687,0.23987415776927723,0
12,578.814501941115,0.4689277851772298,0
90,572.3195214798399,0.4096663045228458,0
99,442.2985348417533,0.1950791356326351,0
98,1261.3764810877815,0.10933581079453404,1
57,488.587631940925,0.3222383233838119,0
67,519.006527324854,0.11533469621744274,0
50,421.5876046178161,0.7270920503503483,0
7,490.827226823427,0.01,0
81,507.3192554031256,0.37220385434771747,0
7,477.0487074035524,0.01,0
50,444.67361668974957,0.6001438847405767,0
100,1199.064266723037,0.01,1
34,547.5710358426014,2.056456229284966,0
5,456.5251327194465,0.0637368175222702,0
50,436.32577692736555,4.104691677012036,0
78,533.862587301325,1.4926022380492399,0
51,1227.9556735900796,0.22324040515550003,1
85,550.3267061737281,1.4172610394436174,1
75,514.570560401211,0.5491751348436541,0
3,557.2907381720455,1.4505449355832105,0
75,533.7894118635479,0.2384027130282272,0
14,512.4433161688266,0.5247687862717675,0
91,537.7584231073331,0.7679224881305251,0
41,429.00435818932084,0.18048137242667278,0
91,1167.7151836955593,0.3158964589186087,1
39,476.2813127522995,0.417361311828537,0
61,546.4144628170662,1.30316188563381,0
28,537.0978311072257,1.3464414686236532,0
48,488.440732860387,0.667871909888324,0
98,518.8405795737197,0.5660617130652228,0
14,547.6353059920791,0.2634190293076836,0
52,522.2750476081338,0.1743015957069396,0
12,448.64998868137207,0.7803157032782999,0
92,482.2202776018556,1.7948818809904883,0
25,506.729833101286,0.690446372010503,0
11,515.478130941598,1.370809088144908,0
91,1237.8414265462259,0.13138631502617765,1
88,472.79666181789867,0.7899834399477537,0
26,454.1088099835953,1.171601537743498,0
59,467.96708701961865,0.6857483847492819,0
67,492.40630315490444,1.1625152824249776,0
78,1186.8102744579244,0.22407054729082534,1
32,429.5627529761646,0.01,0
94,1288.7682465427604,0.026068071380567194,1
69,401.8234162128709,1.2909911934002198,0
81,559.6462444119215,1.9357502590122888,1
98,479.89360609200287,2.3428562089806215,0
87,1201.6215157638235,0.01,1
40,423.32172323401596,0.39133549477237833,0
17,560.0274238361984,0.01,0
90,505.4154520802436,0.27809975942054843,0
43,558.8078232243486,3.2104996413678744,0
78,429.65233294313964,0.1525669717774126,0
84,1216.0558345942782,0.13215551070778736,1
17,509.6574794596246,4.647723926157052,0
18,496.9125313610064,1.0349473654813754,0
52,523.1282810812997,0.3234609551075789,0
31,488.41791668249164,0.6938788405049803,0
23,512.4825554287885,0.915522677167721,0
73,414.19818353758245,0.9000996795134427,0
95,607.8083114513076,0.48823094462073924,0
44,457.78056595493416,1.5333756709663668,0
18,1105.7283069887392,0.22457547199732347,1
47,558.8450976217883,0.7968170517406281,0
49,636.4422737343241,0.6910060359356622,0
15,1213.3364553576732,0.05477879884978856,1
56,395.6600346898965,0.6867639229913803,0
15,594.4323507293892,0.3007021000483162,0
43,442.68812841769864,0.2565986682573217,0
41,450.0593695881336,2.202765974835009,0
59,466.29451260536007,2.7329554865891943,0
44,531.7460650123967,0.6965447352420057,0
52,555.3328882058025,1.7459483166435823,0
74,508.8770135695821,1.945271390603113,0
79,480.8453451492663,1.2126555825004426,0
9,483.4482571221718,0.22363101068542873,0
7,557.4801788766295,0.47298120987729103,0
40,441.9545952078744,0.6180647163072548,0
67,511.63664683910264,1.9618935286575263,0
66,525.5801872482216,0.2186552006412339,0
47,520.6226015824712,0.5141740177805671,0
98,514.807765437616,0.17253224659237867,0
5,458.8667740333647,0.19634557094620275,0
98,484.78868076877876,0.6112369606547841,0
27,482.31465428108027,3.1160356919506356,0
14,471.3158986027026,0.5194787220811851,0
58,522.7268978432111,0.40236109691946037,0
65,478.58721054961643,1.3941510426732828,0
93,527.6692759955845,2.9589143351005207,0
22,522.0757187407876,0.4813321804678394,0
53,540.5658909656408,2.302442745025251,0
67,511.1904342573567,0.17828424366101606,0
14,504.29243100855854,2.2614301101478618,0
75,450.95944141317113,0.3577472963668742,0
57,403.2710876992144,0.4587815733400063,0
32,575.2442930137732,2.0159327511709524,0
79,539.2043283148814,0.6382124499640871,0
12,560.8849708129646,0.19126684827499552,0
84,485.41180633180755,0.01,0
96,430.80718466024746,1.7156940209195688,0
92,541.8386907353797,0.7449296262821765,0
24,470.4797706896412,1.6402843483034975,0
19,1158.1518611517993,0.07427218732102142,1
78,436.0287752908486,0.5122882426994353,0
51,481.96107720725905,2.5270910391775727,0
98,519.8982266079968,1.6330874371566924,1
57,1227.7434652132984,0.412088214973167,1
87,484.6783071113273,1.3764464924464102,0
53,569.1824682680145,2.4359487478377844,0
32,583.2497123042089,0.6452211486440804,0
36,471.7714974927099,2.3659250048710105,0
39,489.6143045143989,0.6136324009226706,0
77,1106.7295393850368,0.17023225274596795,1
52,488.7538621232963,0.16124280423973644,0
80,523.6443781307806,1.632364320346141,0
66,416.6120738330337,0.321194066537291,0
64,426.49300622508025,0.4543518626119804,0
25,515.3201001758997,0.4988077768859196,0
47,484.65796652172895,2.640402827475258,0
47,508.95785080907865,0.24414775369738612,1
87,495.60525483557643,0.18487706604550536,0
97,425.7758287113703,0.8173409936512753,0
72,1239.8178397346207,0.01,1
89,459.2860198978516,0.5602131301195736,0
94,507.74605916435905,0.10522414278324768,0
67,551.9534256042004,0.3258772681305605,0
11,482.6143870850487,1.4945244623982814,0
40,356.00005663747584,2.413152236596351,1
25,525.7401904482917,0.64834449796162,0
22,503.7161341674478,0.8735688669471943,0
94,559.9286448041112,0.01,0
74,434.2632826545412,0.41817799346537504,0
83,569.6526060959131,2.6816370304171664,0
80,488.6768463524879,0.3321412090674451,1
100,1293.1426110685006,0.01,1
56,521.1391915911636,0.620580995431667,0
87,1216.04519081989,0.12949342756444382,1
5,1198.8333470084135,0.01,1
63,498.9955367412656,0.16519049877428263,0
95,435.386900270268,0.26728565041311525,0
31,464.63781069994536,1.0137639276399837,0
62,526.8288263516617,2.258554455151155,0
38,487.0433222171504,0.7859891235583045,0
12,413.6561929337239,1.0665261885854724,0
54,570.7077512372506,1.968058995602274,0
4,507.522837343761,2.33394653803101,0
45,483.71723619954906,0.2920820862079235,0
25,424.26379524963903,3.9123239409898605,0
49,451.93877024651533,0.7160155092880705,0
35,491.6251335250098,0.18704685963148773,0
37,417.5757671871659,0.5506236517490204,0
17,475.47935982534756,0.8758208646329824,0
62,379.33965447724063,0.2854109180303849,0
99,495.19159303551703,1.3008858458338268,0
21,461.69215626454263,0.232878782295247,0
22,552.6885330916087,4.427381776512633,1
79,496.8358707376392,1.6109471520258736,0
28,515.3817577980627,0.7359106440124399,0
25,539.1024342154998,0.01,0
44,527.4805757093455,0.7958736540226403,0
30,434.80129167507863,0.6454251540549134,0
95,549.054760284115,0.01,0
47,507.4418258882736,0.4312421619385735,0
71,438.04308840146206,0.20749886332310502,0
37,474.4298723639812,0.7002048993838023,0
83,453.55265768772534,1.1927263371678383,0
79,544.614335597352,1.4899056190811095,0
14,462.81081936446526,0.3101946678141356,0
43,571.6582032153276,0.158961104847779,0
53,567.8658996918124,0.986054657016267,0
98,580.4721873188826,0.23454397727023926,0
94,547.1185646650131,0.10406698969225008,0
97,499.99179232383926,1.8721331879688516,0
26,441.0333428184377,0.2775579938501419,0
77,1249.4806869179072,0.01632303917230397,1
59,402.8190951751026,1.2172313307503875,0
40,534.2724889798023,2.082299331922502,0
87,529.0751881620553,1.2306966462241848,0
69,497.1019650902455,0.603118264282596,0
69,540.9036367869614,0.02031528346549026,0
36,394.56906225320483,0.01,0
91,446.23769489395306,0.2596373780300146,0
96,473.6602366558637,0.34004340870964733,0
36,492.13916235036936,0.03280223948366556,0
62,513.790538873015,1.3945535411729046,0
51,473.89952893960526,4.342330043058998,0
28,1232.552996900592,0.01,1
25,1206.2205077883148,0.042402596286979455,1
49,552.1274353186237,0.36798840979930586,0
13,554.545105400827,0.27907986940694945,0
61,441.1377214628507,0.05556124207770881,1
75,469.9934011410589,0.8730880107448619,0
54,547.479832246263,0.267750409550751,0
92,536.6458661728319,0.4812091636487426,0
51,1118.107175606881,0.01,1
27,446.5258675824995,0.854681753918421,0
90,460.26247475369786,0.613297187324612,0
55,1135.8320413269475,0.1688942904136041,1
18,493.55885639005226,1.8476722556647798,0
62,457.4910457957253,0.19926316039974895,0
76,460.99586829247966,0.36061755487550473,0
41,514.6487269107606,1.1122162009658063,0
50,1207.4788459015579,0.05441650087642899,1
54,419.4567271890098,0.3306285296839825,0
29,485.13855980308404,0.6155163368224401,0
81,377.0125945123488,0.31109095608509213,0
5,519.3715196439939,0.8274806614878419,0
79,526.7315057000244,0.37849600877672634,1
4,512.6731181165644,0.15714967085181594,0
89,445.56848271538144,0.5671378392935846,0
49,416.74800482779125,0.7329900964556602,0
66,420.04984969429125,2.095781218160788,0
35,523.1745368467213,1.078464365522403,0
42,549.2634480876279,0.6292152337562018,0
87,520.6697475703413,1.418635352190737,0
49,536.3447496228519,0.01,0
33,486.8759966787122,0.6850561063657228,0
100,454.1181567004943,0.6860018615130068,0
40,557.5246799340712,1.003078484687886,0
21,419.9972186497149,1.1366129466747192,0
25,460.39429171327293,2.884720988812757,0
25,491.6097972363873,0.5342753380031827,0
57,504.65929845380504,1.0788545130216043,0
31,499.8593322439862,0.8961193852426016,0
52,581.6399563453094,2.451073690709579,0
59,530.7271178508383,0.8892505367042398,0
99,439.6078312372768,2.458914844326243,0
2,466.5167940203196,0.776818398624576,1
8,600.1973782392763,0.46757512788546446,0
53,1244.0481701375832,0.01,1
4,517.4968266065956,0.5585881200370955,0
44,541.5143046238833,4.822342401110944,0
62,585.399418213113,1.2761563590910319,1
95,534.3470287466107,2.133759326842623,0
6,454.5849349486931,0.5803704026240386,0
64,514.0136042885707,0.6820789422994601,0
70,572.6132931765717,0.02384899470344897,0
43,556.097244518893,0.26788608576732514,0
35,509.2383400544464,0.01,0
98,507.7858485191712,6.055626064423632,0
70,566.4194413750433,0.44752644718457224,0
12,1126.105248680229,0.021471791293488515,1
68,466.46171081231,1.3852491423652653,1
87,494.96257097823366,2.0507334604153455,0
50,444.6802389333588,5.6046268864198705,0
72,502.8916489229878,0.4513410384930083,0
57,525.9314483366699,0.0934329084186549,0
27,1225.3487961731785,0.12265593116752674,1
22,556.0180442725566,2.3318592961725026,0
64,488.13215091439423,0.3329548841136815,0
50,403.27005698342407,0.9810330209056534,0
95,529.2040933518831,0.4635456828050741,0
76,485.3574041573088,2.963594230553031,0
5,573.2993619113151,1.2142710008959876,0
80,440.33597346282227,0.5504571931950257,0
92,507.5414791759192,0.6239355045818331,0
34,463.25928216929776,0.2954577738674664,0
78,453.73370688018116,0.4863529739102867,0
98,515.8452926355992,0.6240880513346015,0
29,496.8489160265048,0.41777658758922165,0
33,478.71536198974917,0.7740779228099637,0
33,439.48452858176097,4.055056953580727,0
11,514.4620064941489,0.6695890016246921,0
26,1180.1445558359908,0.0808690854012849,1
70,511.18481023786927,1.5324743815959738,0
75,383.3510393615994,2.890995792598194,0
12,508.59628514333104,0.21511098991225805,1
67,507.44795487144756,0.12637373582051747,0
26,444.34645424241734,1.0765477545465851,0
16,517.6564358306914,1.673395236270458,0
69,527.7705458439681,0.45110487800406496,0
95,498.1643658198631,1.6996493898875389,0
41,540.4493450682841,1.034278157167162,0
74,427.68774801804005,0.36988754180477157,0
64,556.0520726794886,0.42916733015106867,0
35,460.5104014875813,0.643605034056909,0
61,524.8391846397527,1.124126457624236,0
74,413.3922772864303,0.3195246608035895,0
73,438.28483009390516,0.5301053592376309,0
1,599.9699906240254,0.2630188537704921,0
22,1220.198436686715,0.11972061007033166,1
11,537.8280466886415,0.4535417399189806,0
9,526.5764588719377,1.7038870982276009,0
25,395.4072048426507,0.9763588698129745,0
65,410.82097582515877,1.5652394391655116,1
75,526.6140522553584,0.01,0
74,416.7930745082399,4.790881362995504,0
76,479.46756731271716,0.8268004444011193,0
14,521.49448379587,0.01,0
55,437.99344558475866,0.2529015009246446,0
93,495.8793534554474,0.7789015317803417,0
77,1249.9417540629347,0.10437062352631483,1
25,1185.3686714752846,0.01,1
47,486.713499938731,2.9827081014149193,1
11,486.58156981648614,0.697900913014565,0
80,472.1453863240414,0.7324324407664651,0
57,575.1161659079511,0.05223187885571837,0
39,487.20935929803215,1.0796733482176508,0
42,544.3359081230465,1.731844658884734,0
19,540.9076065952529,3.669366136699055,0
65,531.0030431344187,1.6617472717033994,0
25,538.5750314010919,1.9113811733940334,0
28,442.0763571014352,0.1978056280442851,0
1,476.73050518835873,0.9101732608765343,0
65,494.77442270798,0.14410319437107444,0
79,527.1660344852143,0.7636745357090153,0
56,1099.0496863969763,0.01,1
57,1239.2534556107687,0.01,1
94,548.7917611202615,3.987966141182347,0
37,1185.923936173848,0.14643936242801248,1
69,446.54718201729605,1.3007157934081877,0
1,629.5585664701501,0.309509843536309,0
95,537.6660459917913,1.1241678956579888,0
90,596.623366668471,0.5024867930849491,0
12,436.4891761191201,4.951041305116148,0
20,473.19904961529977,0.9730151211610086,0
60,508.1526519574959,0.6344838817533958,0
33,577.0588438890672,0.3351449307730891,0
53,448.22428830446484,1.90909044481461,0
70,458.7853162343136,0.6464186880931294,0
43,408.3266035446068,0.1510034264113932,0
77,372.3241885898261,0.28492962117317555,0
91,423.39032412141506,0.2759538344384944,0
44,472.64479021156865,3.462301857251593,0
32,454.7254716904167,0.525177453875532,0
33,589.4014592275139,0.01,0
88,502.8112957298014,0.85386345281768,0
73,559.6466963200633,1.302890773087399,0
3,481.9893042336199,0.0421394432091802,0
52,531.8762012653377,0.9978489740449795,0
97,565.0701956009545,0.9585878055005125,0
1,592.3341793104046,1.668364415514825,0
78,383.20167744496683,1.6957320710649635,0
53,518.3150263862746,2.0077688783247596,0
59,425.32402514131326,0.7424944691211539,0
4,493.9475393714815,0.10228585173884648,0
4,454.8253292718627,0.6937659997054815,0
74,490.018338947625,2.1535775186511854,0
97,556.8729500365527,2.191532632419058,0
14,523.743628580948,4.61786679875495,0
55,490.16530193380083,0.8232767162292831,0
79,458.69434598986805,0.01,0
76,576.3540575430687,1.6597157362696564,0
63,421.04860668063924,0.5224335432227191,1
42,588.7372746909289,0.26754397673452746,0
16,401.8133586567035,0.7213124158422334,0
29,507.9492121330377,0.17449447279588107,1
87,478.04742586213973,0.6885595328979289,0
45,471.85503747953794,0.07222372656761764,0
57,399.5160327339489,0.07238943641839099,0
22,398.01506527701144,0.9504894373991946,0
20,1281.0214987957718,0.11162402154668821,1
76,437.81513647135466,0.7742243422243413,0
55,481.2800600961884,0.12692453840939397,0
45,573.5317498665196,0.5807984295942634,0
23,1223.8637990185632,0.01,1
66,436.94346975583306,0.26985498938281555,0
8,476.8478654612788,0.3803393232901152,0
99,475.3762292435889,0.750207090132354,0
63,501.30182642797126,0.7637691036372849,0
51,526.7276289719798,0.0888943526612308,0
26,576.6574668920027,1.6111189069224938,0
12,484.3452125761514,0.2543585611569787,0
30,469.37181457834293,0.17899043396092368,0
66,475.7426735534138,0.1687527191490068,0
63,1237.2770051477155,0.18372159443698424,1
44,530.314598333137,3.0544410492879157,0
51,417.6405874942879,0.2367073277483011,1
61,1042.622930361769,0.01,1
62,488.1880928923057,1.5429879146821401,0
75,398.2800966623021,0.8315539800079718,0
94,501.32438046542495,0.3242033928165582,0
83,465.8553402258269,2.3323420545954714,0
54,420.15085679989363,3.2291369005885837,0
26,527.3275627275696,0.01,0
57,519.8499518730749,0.37786795280388735,0
25,477.6678374626707,0.0864261727465288,0
80,398.552096662442,0.9871810125157645,0
88,546.0544553058381,1.2745131391176376,0
12,475.0874556264051,0.67698163931155,0
64,524.2362763813828,1.4691793289260087,0
48,1237.3021522531558,0.09213009212389445,1
96,475.1655288177591,0.5293085349882927,0
75,422.4911787609906,0.2000237779280435,0
95,452.0512151651446,1.2426523905741718,0
43,512.9667877182403,0.7198209840575319,0
3,493.1305076823099,0.3193779364736492,0
73,478.93023735602446,0.042918688093045644,0
14,453.09341053463805,0.29978535519793714,0
51,511.216806585144,2.8099069986331475,0
14,538.0197373701465,0.3043654552819207,0
33,541.0272716789317,0.5598043358295925,0
51,521.8193123080765,1.385469425697083,0
38,552.1403839948667,1.2456487913767662,0
44,537.9504169529295,0.32572016860499703,0
74,1204.785346914804,0.01,1
50,484.517349034165,0.2928063595161862,0
14,530.2589017263504,0.8083974135419214,0
11,447.6489564256902,1.2540945198171758,0
97,507.0556594857127,0.30831376044088743,0
92,520.6207818515312,1.7899939653690933,0
81,530.8703846790695,1.1150914051912875,0
38,474.6349402255779,0.3092101491467893,0
76,528.2065126708867,0.011184383868367384,0
49,488.1977258335083,0.5142117381600392,0
46,502.94573499072607,1.5785512345379764,0
9,511.61345174012524,0.9264593281756973,0
100,1201.8722426478414,0.01,1
2,533.244625583257,0.4368481269565262,0
39,516.6427148828664,0.01,0
100,493.60575173809224,2.7939513717321054,0
16,456.24991606228707,0.06870161321382663,0
100,523.7598252191993,0.01,0
6,1173.8006306403647,0.20015344886616881,1
63,471.84260329558714,0.6477758017844326,0
26,1261.8432715427375,0.01,1
62,550.8290527940243,0.11100002749346122,0
92,432.39810405472514,0.09267379784642346,1
72,479.89568525006166,0.1851326998185792,0
60,588.807207095212,0.19794632512842775,0
77,537.1775991313024,2.0583341563754685,0
38,498.6096381318039,0.7117918121735414,0
64,495.50585793246137,0.01,0
42,452.1665277089943,2.2646922542472967,0
63,425.5739850980247,0.8366613694347416,0
53,528.84170923892,0.18386254984999736,0
100,486.58207059599414,0.26410105743624485,0
70,543.5072401494715,1.2757051615008312,0
3,511.916133332511,1.9967746257271721,0
63,416.8676916041782,0.01,0
44,519.8648990551919,2.324065258554011,0
17,429.317859656417,1.186041093647667,0
75,492.97278601662134,1.6287840615989966,0
94,460.76646596121714,0.130351565652772,0
26,415.11140954915044,0.7504446712979799,0
56,569.771232292509,1.3426715667646014,0
75,517.8109001119977,3.8939367475741617,0
20,537.6877814169696,0.5461909861641774,0
6,571.7034562426494,1.1334930447739644,0
30,506.8461002122639,2.518403808390974,0
37,503.1602963685304,0.01,0
36,475.5824726304482,1.556725783274656,0
91,569.3957703006516,2.1712684638371966,0
68,557.7644505319877,2.500194065725735,1
14,441.10578078063804,0.3931598461946141,0
52,483.7937703328166,1.873593881483683,0
50,469.96520715772374,0.01,0
71,522.6980016828376,1.1457474757637394,0
54,539.5065925636525,0.06789938797908769,0
85,560.9910767512064,1.1562353181203542,0
79,529.8353071587969,0.364877635338311,0
66,474.39288746680916,2.2977840529580544,0
58,479.8738718298141,0.2177456528609233,0
59,511.10113226519354,0.3115140211285795,0
91,483.3963356589186,0.5335120477995855,0
68,390.60327953471324,1.9176255102710178,0
19,1276.674020685404,0.3174495083227383,1
38,520.1086383281946,0.9763497263258494,0
34,463.6221880031999,0.09973050886876988,0
26,471.52585767118603,0.37054476959096494,0
15,476.0294902349117,0.9469799317268028,0
81,374.7619959395798,1.7858314038339667,0
91,491.9949922492749,0.09309680916685983,0
73,543.0153036709703,0.22762795618457413,0
20,463.6147264105646,0.37505175970115623,0
17,507.7262258435189,1.1827632822821397,1
75,510.1974625356316,0.694699352661988,0
13,1161.4175561122713,0.01,1
36,486.2964123800949,0.06767016857059865,0
31,1151.0157253322857,0.06047173966147689,1
81,525.2840748807624,0.5844201746427616,0
77,459.95638502713246,1.6973711803593956,0
11,1236.7459226924882,0.1678866132399168,1
32,449.22944394789556,0.7986612441286725,0
84,552.7254178950219,0.3561361290914897,0
61,608.2934724548431,2.1099008529222583,0
58,433.75446041244123,0.29670020604857583,0
69,456.5444019492742,0.06776271660024705,0
23,523.5653389276749,0.9869341574629157,0
3,565.3873658271959,1.5106083184597678,0
57,602.5569380304285,0.41600256046066103,0
100,428.34681375868706,0.37666941991219116,0
53,1231.317050958552,0.18461718621292544,1
41,481.83916947770336,0.8636003490711864,0
45,455.36524385928504,2.0355039072768664,0
13,500.3018823578774,4.116940407153562,0
75,1221.8393299975025,0.0934770025496684,1
55,558.5595654231726,1.234629599065298,0
66,553.0283300114243,1.192267180986998,0
58,403.6270537996066,0.8876506996711591,1
1,577.9387305274098,0.22887006457590303,0
22,478.57099318271366,0.4582219808424251,0
54,482.34649376211974,0.317134001802704,0
56,522.0715259115897,0.5986644311787255,0
6,537.8133615557462,0.12666126676432934,0
5,550.1704469482169,0.17425606120369075,0
74,575.3624380374048,1.6428983932276002,0
93,445.27168612624246,1.645362341466028,0
9,488.6479000082954,0.5727513103976366,0
78,429.39141652291926,0.7636774584267394,0
3,480.9334107838724,0.3222989542958957,0
31,416.56653785283214,1.1459201964885213,0
61,1176.405155211644,0.0508886333894609,1
13,490.23817196570775,0.7166222774059076,0
48,514.7836164309741,1.1725665866141437,0
45,533.9490613629117,2.876469957389591,1
15,618.0913945690238,1.7531599964580136,0
49,516.4737121517592,0.29464726652036693,1
2,528.0981584428143,0.9039711387404381,1
90,1196.6286903766897,0.09634857174831882,1
11,468.24557199855445,0.6352289566833352,0
9,534.8079758043622,1.3916419661466375,0
34,595.2711546665208,0.7105667348400063,0
100,461.7056813283078,2.6290397549432503,0
68,501.3738775741896,0.17571000440410406,0
47,1153.1166327773433,0.04022842439072562,1
70,545.4381499332773,0.01,0
55,570.2382589648153,1.1014291195648211,0
5,547.6130774054875,0.19311454827598945,0
27,536.9219764517755,0.15738131080263396,0
46,546.1834231084863,0.8039460082678215,0
89,516.4525110080613,0.5592751584357216,0
29,1235.9621091319796,0.01,1
36,506.81587827572207,0.040428405001018325,0
69,1188.2744777340379,0.1116985424520737,1
85,528.6211709448112,0.9172116606689584,0
79,519.975242256904,0.5278069983168101,0
14,453.6287603355494,0.36803002434852844,0
16,539.4906808801919,3.6370458852563265,0
88,499.02803151431624,0.44008515435885703,0
25,474.7823338589421,3.151972712886487,1
35,469.39856939025896,2.755214798029811,0
10,499.46707671970603,2.7741291818516767,0
47,461.88861314446217,0.2711029931483043,0
16,497.9341065534433,1.9322117386772824,0
88,447.9642261792179,1.3604182732817154,0
85,495.6631458479357,1.8791986007564145,0
5,589.9791114673592,0.4036669994305802,0
12,430.17977683618153,0.34733170804827485,0
80,544.8127466938415,0.23754513662558077,0
60,400.945218390093,1.4215215728575457,0
42,500.13847081189374,0.09116100790661821,0
93,482.926606894245,0.6590300157488027,0
80,472.5472187975274,1.2750946495866264,0
4,453.98756471355,2.095649263527968,1
87,546.3241444864207,1.8655706262047351,0
27,506.13639488650506,0.2977996325087495,0
44,519.4268510108785,1.1808290976310434,0
60,573.5924726619634,0.0502860030527577,0
25,515.8220849165399,0.14601621216777058,0
52,1182.2716360576255,0.08583246916036286,1
40,510.2984965033681,0.22489847367039945,0
56,558.0679976769615,1.6106076385129406,0
97,404.8173269405248,1.0117035821523137,1
72,587.688949567962,4.015484868970353,0
36,419.04803230070223,0.15493442240222854,0
68,521.2358754475199,0.6221822490147665,0
44,521.7866197104203,0.5958806043821934,0
68,408.9986862411074,0.5850413901779863,0
59,481.5440424041167,0.7299834272414208,0
34,507.49253171445906,0.08036796466543886,0
71,531.7862629850367,0.7599927005038258,0
71,465.477701025107,0.01,0
23,446.0492248984662,0.9183769729015497,0
39,493.68953878240046,0.604948801724337,0
19,1156.9674064206718,0.11078640663083877,1
100,450.09563275346716,0.15078492641383773,0
46,441.1972507116431,0.6354080898080012,0
90,601.3496442237032,1.080802434611166,0
79,520.4095663233556,0.4559390532751212,0
94,1241.1127054704536,0.19152121621751222,1
15,493.40453757041945,1.0233443465064902,0
16,465.68881315276377,0.9245326405381831,0
32,473.37841448773634,1.5168889999438693,0
96,483.9542815322961,3.0263779589541673,0
40,460.0605957748824,0.47730122577716716,0
22,493.35164288128436,0.8619279303941892,0
85,505.67510842118253,0.30625647214567264,0
14,548.9927843812393,0.22525567279965703,0
69,445.5674719969896,0.9598802037656662,1
14,447.5853960946576,3.8532572692170572,1
90,522.8190472818383,0.15840852482329262,0
6,525.3926378665182,0.11492780866330876,0
36,503.2260260485775,0.06086773953081047,0
27,506.7428362478441,1.8276933615055864,0
56,1200.1930719008972,0.4619808546362092,1
54,508.4083868650457,0.3644871133777093,0
68,517.9745224735136,0.9534757826337059,0
91,511.10161105695056,0.6749021755773098,0
30,546.6068117171305,0.26085735350217687,0
46,1222.9906914178139,0.1999789110594625,1
55,457.2746230751326,0.5124687685094415,0
57,457.66668785301385,2.33278951401727,1
48,499.71943651579153,3.0732368052269603,0
72,572.0501731412635,0.07790029756884714,0
73,483.18851483324823,2.5170546931027116,0
91,529.2469424567297,0.3935911359947345,0
6,503.9056086578798,1.6430412007882846,0
86,1167.7602043449451,0.013230306760214729,1
58,499.97912230028027,0.6261857759936771,0
11,1071.506103500042,0.18487316558254466,1
29,451.4677761102184,2.769895532372903,0
32,444.9184174739534,2.0392527918915304,0
7,461.9328638681917,0.0822374033399551,0
14,448.21989957195564,0.01,0
87,521.6392644864192,1.9395693530740625,0
